demo,rms_err,max_err,final_err
pick_place,0.0039898025,0.0064069153,0.0004736149
circle,0.0027338986,0.0042686503,0.0030464938
